Input 1,,,,,,,,,
Rate per 100000 units - Urban China 30-49,Calendar Period,,,,,,,,
Age Group,1991- 1992,1993 - 1994,1995 - 1996,1997 - 1998,1999 - 2000,2001 - 2002,2003 - 2004,2005 - 2006,2007 - 2008
30 - 31,9.566895097,8.455301562,6.092037446,7.488364726,8.698654406,8.411639308,12.94617403,12.74051418,11.47143776
32 - 33,14.14337261,14.04839354,11.081641,11.56853553,12.37153698,11.9930958,16.75035878,16.83829647,17.79249884
34 - 35,20.13021568,21.43353489,19.09061395,16.57388301,16.14960322,16.61809049,20.14466386,20.06330529,25.16069714
36 - 37,26.79554351,29.21085738,28.69500408,24.42021859,22.86401523,24.0474102,25.8815066,26.31952712,33.20792468
38 - 39,34.23453851,37.55564181,39.34958922,36.96002306,35.13295652,36.08629772,35.79798442,38.67842173,43.53131399
40 - 41,44.37807809,48.92936191,51.58802245,52.02964775,51.23977406,52.0085942,48.82294556,54.87154528,56.86904705
42 - 43,55.77800548,62.23015267,62.89197949,62.95044099,65.38929466,68.37678899,64.97517356,70.94104221,71.45881679
44 - 45,64.81881895,74.48357321,72.98915143,69.87617185,77.8213636,84.29857912,84.27305049,87.50623899,86.70262707
46 - 47,69.26741427,81.88738387,80.90839446,74.97654015,87.97831265,95.55245185,99.91929567,101.6174611,100.8117858
